{
  "metric_weights": {
    "accuracy": 0.2,
    "precision": 0.2,
    "recall": 0.2,
    "f1_score": 0.2,
    "auc_roc": 0.2
  },
  "binary_classification": {
    "model": "CNN Binary",
    "batch_size": 1024,
    "local_epochs": 2,
    "learning_rate": 0.0005,
    "alpha": 0.3,
    "weighted_score": 0.9752123538353596,
    "metrics": {
      "accuracy": 0.9579710488284489,
      "precision": 0.9494373726335686,
      "recall": 0.9980750721847931,
      "f1_score": 0.973148876914694,
      "auc_roc": 0.9974293986152939
    }
  },
  "multi_class_classification": {
    "model": "CNN Multi",
    "batch_size": 512,
    "local_epochs": 2,
    "learning_rate": 0.001,
    "alpha": 0.3,
    "weighted_score": 0.8060163779346188,
    "metrics": {
      "accuracy": 0.7554786893790424,
      "precision": 0.8145453727367069,
      "recall": 0.7554786893790424,
      "f1_score": 0.734724243516059,
      "auc_roc": 0.9698548946622432
    }
  }
}