{
  "experiment_name": "bs512_epoch2_lr0p0010_alpha5p0",
  "hyperparameters": {
    "batch_size": 512,
    "local_epochs": 2,
    "learning_rate": 0.001,
    "alpha": 5.0,
    "num_rounds": 20,
    "num_clients": 5
  },
  "binary": {
    "MLP Binary": {
      "accuracy": 0.9661446610912364,
      "precision": 0.9889439573008006,
      "recall": 0.9664379521251824,
      "f1_score": 0.97756143518882,
      "auc_roc": 0.9959005464311217
    },
    "CNN Binary": {
      "accuracy": 0.9420739652680707,
      "precision": 0.9925857275254866,
      "recall": 0.9310441181036356,
      "f1_score": 0.9608304897390302,
      "auc_roc": 0.9953136281784595
    }
  },
  "multi": {
    "MLP Multi": {
      "accuracy": 0.790471226515672,
      "precision": 0.8148476859575535,
      "recall": 0.790471226515672,
      "f1_score": 0.7846432688847647,
      "auc_roc": 0.9806299039665989
    },
    "CNN Multi": {
      "accuracy": 0.4025444810348504,
      "precision": 0.5855127938342743,
      "recall": 0.4025444810348504,
      "f1_score": 0.3057574081375425,
      "auc_roc": 0.7131749537848926
    }
  }
}